Id,StateFars,StateEng,CityFars,CityEng,Lat,Long,StateCity
495,گيلان,Gilan,لولمان,,37.29998293,49.62998328,"گيلان ,لولمان"
496,گيلان,Gilan,رودبار,,37.29998293,49.62998328,"گيلان ,رودبار"
497,گيلان,Gilan,لاهيجان,,37.29998293,49.62998328,"گيلان ,لاهيجان"
498,گيلان,Gilan,رودسر,,37.29998293,49.62998328,"گيلان ,رودسر"
499,گيلان,Gilan,کوچصفهان,,37.29998293,49.62998328,"گيلان ,کوچصفهان"
500,گيلان,Gilan,لشت نشا,,37.29998293,49.62998328,"گيلان ,لشت نشا"
501,گيلان,Gilan,لوشان,,37.29998293,49.62998328,"گيلان ,لوشان"
502,گيلان,Gilan,کتالم,,37.29998293,49.62998328,"گيلان ,کتالم"
503,گيلان,Gilan,ضيابر,,37.29998293,49.62998328,"گيلان ,ضيابر"
504,گيلان,Gilan,امام زاده هاشم,,37.29998293,49.62998328,"گيلان ,امام زاده هاشم"
505,گيلان,Gilan,صومعه سرا,,37.29998293,49.62998328,"گيلان ,صومعه سرا"
506,گيلان,Gilan,کسما,,37.29998293,49.62998328,"گيلان ,کسما"
507,گيلان,Gilan,جمعه بازار,,37.29998293,49.62998328,"گيلان ,جمعه بازار"
508,گيلان,Gilan,کلارآباد,,37.29998293,49.62998328,"گيلان ,کلارآباد"
509,گيلان,Gilan,متل قو,,37.29998293,49.62998328,"گيلان ,متل قو"
510,گيلان,Gilan,جمشيدآباد,,37.29998293,49.62998328,"گيلان ,جمشيدآباد"
511,گيلان,Gilan,منجيل,,37.29998293,49.62998328,"گيلان ,منجيل"
512,گيلان,Gilan,نشتارود,,37.29998293,49.62998328,"گيلان ,نشتارود"
513,گيلان,Gilan,کياشهر,,37.29998293,49.62998328,"گيلان ,کياشهر"
514,گيلان,Gilan,املش,,37.29998293,49.62998328,"گيلان ,املش"
515,گيلان,Gilan,رستم آباد,,37.29998293,49.62998328,"گيلان ,رستم آباد"
516,گيلان,Gilan,آستانه,,37.29998293,49.62998328,"گيلان ,آستانه"
517,گيلان,Gilan,شفت,,37.29998293,49.62998328,"گيلان ,شفت"
518,گيلان,Gilan,بندرانزلي,,37.29998293,49.62998328,"گيلان ,بندرانزلي"
519,گيلان,Gilan,رضوانشهر,,37.29998293,49.62998328,"گيلان ,رضوانشهر"
520,گيلان,Gilan,فومن,,37.29998293,49.62998328,"گيلان ,فومن"
521,گيلان,Gilan,ماسال,,37.29998293,49.62998328,"گيلان ,ماسال"
522,گيلان,Gilan,اب کنار,,37.29998293,49.62998328,"گيلان ,اب کنار"
523,گيلان,Gilan,لنگرود,,37.29998293,49.62998328,"گيلان ,لنگرود"
524,گيلان,Gilan,عباس آباد,,37.29998293,49.62998328,"گيلان ,عباس آباد"
525,گيلان,Gilan,کومله,,37.29998293,49.62998328,"گيلان ,کومله"
526,گيلان,Gilan,چاف,,37.29998293,49.62998328,"گيلان ,چاف"
527,گيلان,Gilan,سنگر,,37.29998293,49.62998328,"گيلان ,سنگر"
528,گيلان,Gilan,شاقاجي,,37.29998293,49.62998328,"گيلان ,شاقاجي"
529,گيلان,Gilan,خرم آباد,,37.29998293,49.62998328,"گيلان ,خرم آباد"
530,گيلان,Gilan,قلعه گردن,,37.29998293,49.62998328,"گيلان ,قلعه گردن"
531,گيلان,Gilan,چابکسر,,37.29998293,49.62998328,"گيلان ,چابکسر"
532,گيلان,Gilan,سادات محله,,37.29998293,49.62998328,"گيلان ,سادات محله"
533,گيلان,Gilan,رحيم آباد,,37.29998293,49.62998328,"گيلان ,رحيم آباد"
534,گيلان,Gilan,کلاچاي,,37.29998293,49.62998328,"گيلان ,کلاچاي"
535,گيلان,Gilan,واجارگاه,,37.29998293,49.62998328,"گيلان ,واجارگاه"
536,گيلان,Gilan,شاندرمن,,37.29998293,49.62998328,"گيلان ,شاندرمن"
537,گيلان,Gilan,گراب زريخ,,37.29998293,49.62998328,"گيلان ,گراب زريخ"
538,گيلان,Gilan,طاهرگوراب,,37.29998293,49.62998328,"گيلان ,طاهرگوراب"
539,گيلان,Gilan,هشتپر,,37.29998293,49.62998328,"گيلان ,هشتپر"
540,گيلان,Gilan,پره سر,,37.29998293,49.62998328,"گيلان ,پره سر"
541,گيلان,Gilan,اسالم,,37.29998293,49.62998328,"گيلان ,اسالم"
542,گيلان,Gilan,پونل,,37.29998293,49.62998328,"گيلان ,پونل"
543,گيلان,Gilan,حويق,,37.29998293,49.62998328,"گيلان ,حويق"
544,گيلان,Gilan,چوبر,,37.29998293,49.62998328,"گيلان ,چوبر"
545,گيلان,Gilan,لوندويل,,37.29998293,49.62998328,"گيلان ,لوندويل"
546,گيلان,Gilan,سه راه خلخال,,37.29998293,49.62998328,"گيلان ,سه راه خلخال"
547,گيلان,Gilan,چوکام,,37.29998293,49.62998328,"گيلان ,چوکام"
548,گيلان,Gilan,کته سر,,37.29998293,49.62998328,"گيلان ,کته سر"
549,گيلان,Gilan,خشکبيجار,,37.29998293,49.62998328,"گيلان ,خشکبيجار"
550,گيلان,Gilan,خاچکين,,37.29998293,49.62998328,"گيلان ,خاچکين"
551,گيلان,Gilan,شيرود,,37.29998293,49.62998328,"گيلان ,شيرود"
552,گيلان,Gilan,جيرده,,37.29998293,49.62998328,"گيلان ,جيرده"
553,گيلان,Gilan,پيربازار,,37.29998293,49.62998328,"گيلان ,پيربازار"
554,گيلان,Gilan,احمدگوراب,,37.29998293,49.62998328,"گيلان ,احمدگوراب"
555,گيلان,Gilan,غازيان,,37.29998293,49.62998328,"گيلان ,غازيان"
556,گيلان,Gilan,خمام,,37.29998293,49.62998328,"گيلان ,خمام"
557,گيلان,Gilan,رودبنه,,37.29998293,49.62998328,"گيلان ,رودبنه"
558,گيلان,Gilan,سياهکل,,37.29998293,49.62998328,"گيلان ,سياهکل"
559,گيلان,Gilan,رمک,,37.29998293,49.62998328,"گيلان ,رمک"
560,گيلان,Gilan,رامسر1,,37.29998293,49.62998328,"گيلان ,رامسر1"
561,گيلان,Gilan,تنکابن 1,,37.29998293,49.62998328,"گيلان ,تنکابن 1"
562,گيلان,Gilan,شيرود1,,37.29998293,49.62998328,"گيلان ,شيرود1"
563,گيلان,Gilan,کتالم 1,,37.29998293,49.62998328,"گيلان ,کتالم 1"
564,گيلان,Gilan,رشت,,37.29998293,49.62998328,"گيلان ,رشت"
565,گيلان,Gilan,آستارا,,37.29998293,49.62998328,"گيلان ,آستارا"
2,تهران,Tehran,تهران,,35.31658978,51.64660437,"تهران,تهران"
3,تهران,Tehran,نظرآباد,,35.31658978,51.64660437,"تهران,نظرآباد"
4,تهران,Tehran,ورامين,,35.31658978,51.64660437,"تهران,ورامين"
5,تهران,Tehran,شهرري,,35.31658978,51.64660437,"تهران,شهرري"
6,تهران,Tehran,ابهر,,35.31658978,51.64660437,"تهران,ابهر"
7,تهران,Tehran,خرمدره,,35.31658978,51.64660437,"تهران,خرمدره"
8,تهران,Tehran,تاکستان,,35.31658978,51.64660437,"تهران,تاکستان"
9,تهران,Tehran,قرچک ورامين,,35.31658978,51.64660437,"تهران,قرچک ورامين"
10,تهران,Tehran,پاکدشت,,35.31658978,51.64660437,"تهران,پاکدشت"
11,تهران,Tehran,کرج,,35.31658978,51.64660437,"تهران,کرج"
12,تهران,Tehran,شهرياروانديشه,,35.31658978,51.64660437,"تهران,شهرياروانديشه"
13,تهران,Tehran,هشتگرد,,35.31658978,51.64660437,"تهران,هشتگرد"
14,تهران,Tehran,گرمسار,,35.31658978,51.64660437,"تهران,گرمسار"
15,تهران,Tehran,ايوانکي,,35.31658978,51.64660437,"تهران,ايوانکي"
16,تهران,Tehran,فيروزکوه,,35.31658978,51.64660437,"تهران,فيروزکوه"
17,تهران,Tehran,دماوند,,35.31658978,51.64660437,"تهران,دماوند"
18,تهران,Tehran,بويينزهرا,,35.31658978,51.64660437,"تهران,بويينزهرا"
19,تهران,Tehran,رودهن,,35.31658978,51.64660437,"تهران,رودهن"
20,تهران,Tehran,بومهن,,35.31658978,51.64660437,"تهران,بومهن"
21,تهران,Tehran,گيلاوند,,35.31658978,51.64660437,"تهران,گيلاوند"
22,تهران,Tehran,ابيک,,35.31658978,51.64660437,"تهران,ابيک"
23,تهران,Tehran,پرديس,,35.31658978,51.64660437,"تهران,پرديس"
24,تهران,Tehran,اسلامشهر,,35.31658978,51.64660437,"تهران,اسلامشهر"
25,مرکزي,Markazi,خمين,,35.02182741,50.33143917,"مرکزي,خمين"
26,مرکزي,Markazi,آران و بيدگل,,35.02182741,50.33143917,"مرکزي,آران و بيدگل"
27,مرکزي,Markazi,محلات,,35.02182741,50.33143917,"مرکزي,محلات"
28,مرکزي,Markazi,دليجان,,35.02182741,50.33143917,"مرکزي,دليجان"
29,مرکزي,Markazi,نراق,,35.02182741,50.33143917,"مرکزي,نراق"
30,مرکزي,Markazi,رباط ميل,,35.02182741,50.33143917,"مرکزي,رباط ميل"
31,مرکزي,Markazi,ساروق,,35.02182741,50.33143917,"مرکزي,ساروق"
32,مرکزي,Markazi,آشتيان,,35.02182741,50.33143917,"مرکزي,آشتيان"
33,مرکزي,Markazi,کاشان,,35.02182741,50.33143917,"مرکزي,کاشان"
34,مرکزي,Markazi,اراک,,35.02182741,50.33143917,"مرکزي,اراک"
35,مرکزي,Markazi,مامونيه,,35.02182741,50.33143917,"مرکزي,مامونيه"
36,مرکزي,Markazi,نيم ور,,35.02182741,50.33143917,"مرکزي,نيم ور"
37,مرکزي,Markazi,فراهان,,35.02182741,50.33143917,"مرکزي,فراهان"
38,مرکزي,Markazi,مهاجران,,35.02182741,50.33143917,"مرکزي,مهاجران"
39,مرکزي,Markazi,غرق آباد,,35.02182741,50.33143917,"مرکزي,غرق آباد"
40,مرکزي,Markazi,خنداب,,35.02182741,50.33143917,"مرکزي,خنداب"
41,مرکزي,Markazi,جاورسيان,,35.02182741,50.33143917,"مرکزي,جاورسيان"
42,مرکزي,Markazi,کميجان,,35.02182741,50.33143917,"مرکزي,کميجان"
43,مرکزي,Markazi,تفرش,,35.02182741,50.33143917,"مرکزي,تفرش"
44,مرکزي,Markazi,ساوه,,35.02182741,50.33143917,"مرکزي,ساوه"
45,مرکزي,Markazi,شازند,,35.02182741,50.33143917,"مرکزي,شازند"
46,مرکزي,Markazi,آستانه,,35.02182741,50.33143917,"مرکزي,آستانه"
47,مرکزي,Markazi,نوبران,,35.02182741,50.33143917,"مرکزي,نوبران"
48,مرکزي,Markazi,ميلاجرد,,35.02182741,50.33143917,"مرکزي,ميلاجرد"
49,آذربايجان شرقي,East Azerbaijan,ترکمنچاي,,38.25000246,47.06290482,"آذربايجان شرقي ,ترکمنچاي"
50,آذربايجان شرقي,East Azerbaijan,تيکمه داش,,38.25000246,47.06290482,"آذربايجان شرقي ,تيکمه داش"
51,آذربايجان شرقي,East Azerbaijan,وايقان,,38.25000246,47.06290482,"آذربايجان شرقي ,وايقان"
52,آذربايجان شرقي,East Azerbaijan,شنداباد,,38.25000246,47.06290482,"آذربايجان شرقي ,شنداباد"
53,آذربايجان شرقي,East Azerbaijan,شرفخانه,,38.25000246,47.06290482,"آذربايجان شرقي ,شرفخانه"
54,آذربايجان شرقي,East Azerbaijan,سهند,,38.25000246,47.06290482,"آذربايجان شرقي ,سهند"
55,آذربايجان شرقي,East Azerbaijan,عجب شير,,38.25000246,47.06290482,"آذربايجان شرقي ,عجب شير"
56,آذربايجان شرقي,East Azerbaijan,مرند,,38.25000246,47.06290482,"آذربايجان شرقي ,مرند"
57,آذربايجان شرقي,East Azerbaijan,تبريز,,38.25000246,47.06290482,"آذربايجان شرقي ,تبريز"
58,آذربايجان شرقي,East Azerbaijan,اسکو,,38.25000246,47.06290482,"آذربايجان شرقي ,اسکو"
59,آذربايجان شرقي,East Azerbaijan,ميانه,,38.25000246,47.06290482,"آذربايجان شرقي ,ميانه"
60,آذربايجان شرقي,East Azerbaijan,اهر,,38.25000246,47.06290482,"آذربايجان شرقي ,اهر"
61,آذربايجان شرقي,East Azerbaijan,اذرشهر,,38.25000246,47.06290482,"آذربايجان شرقي ,اذرشهر"
62,آذربايجان شرقي,East Azerbaijan,بستان اباد,,38.25000246,47.06290482,"آذربايجان شرقي ,بستان اباد"
63,آذربايجان شرقي,East Azerbaijan,سراب,,38.25000246,47.06290482,"آذربايجان شرقي ,سراب"
64,آذربايجان شرقي,East Azerbaijan,سردرود,,38.25000246,47.06290482,"آذربايجان شرقي ,سردرود"
65,آذربايجان شرقي,East Azerbaijan,خسروشهر,,38.25000246,47.06290482,"آذربايجان شرقي ,خسروشهر"
66,آذربايجان شرقي,East Azerbaijan,باسمنج,,38.25000246,47.06290482,"آذربايجان شرقي ,باسمنج"
67,آذربايجان شرقي,East Azerbaijan,صوفيان,,38.25000246,47.06290482,"آذربايجان شرقي ,صوفيان"
68,آذربايجان شرقي,East Azerbaijan,گوگان,,38.25000246,47.06290482,"آذربايجان شرقي ,گوگان"
69,آذربايجان شرقي,East Azerbaijan,ملکان,,38.25000246,47.06290482,"آذربايجان شرقي ,ملکان"
70,آذربايجان شرقي,East Azerbaijan,شبستر,,38.25000246,47.06290482,"آذربايجان شرقي ,شبستر"
71,آذربايجان شرقي,East Azerbaijan,مراغه,,38.25000246,47.06290482,"آذربايجان شرقي ,مراغه"
72,آذربايجان شرقي,East Azerbaijan,ايلخچي,,38.25000246,47.06290482,"آذربايجان شرقي ,ايلخچي"
73,آذربايجان شرقي,East Azerbaijan,هشترود,,38.25000246,47.06290482,"آذربايجان شرقي ,هشترود"
74,آذربايجان شرقي,East Azerbaijan,گرگر,,38.25000246,47.06290482,"آذربايجان شرقي ,گرگر"
75,آذربايجان شرقي,East Azerbaijan,هادي شهر,,38.25000246,47.06290482,"آذربايجان شرقي ,هادي شهر"
76,آذربايجان شرقي,East Azerbaijan,مهربان,,38.25000246,47.06290482,"آذربايجان شرقي ,مهربان"
77,آذربايجان شرقي,East Azerbaijan,تسوج,,38.25000246,47.06290482,"آذربايجان شرقي ,تسوج"
78,آذربايجان شرقي,East Azerbaijan,هريس,,38.25000246,47.06290482,"آذربايجان شرقي ,هريس"
79,آذربايجان شرقي,East Azerbaijan,ممقان,,38.25000246,47.06290482,"آذربايجان شرقي ,ممقان"
80,آذربايجان شرقي,East Azerbaijan,علمدار,,38.25000246,47.06290482,"آذربايجان شرقي ,علمدار"
81,آذربايجان شرقي,East Azerbaijan,خامنه,,38.25000246,47.06290482,"آذربايجان شرقي ,خامنه"
82,آذربايجان شرقي,East Azerbaijan,کليبر,,38.25000246,47.06290482,"آذربايجان شرقي ,کليبر"
83,آذربايجان شرقي,East Azerbaijan,بناب,,38.25000246,47.06290482,"آذربايجان شرقي ,بناب"
84,آذربايجان شرقي,East Azerbaijan,جلفا,,38.25000246,47.06290482,"آذربايجان شرقي ,جلفا"
85,آذربايجان شرقي,East Azerbaijan,قره چمن,,38.25000246,47.06290482,"آذربايجان شرقي ,قره چمن"
86,آذربايجان غربي,West Azerbaijan,اروميه,,37.52999473,44.99998165,"آذربايجان غربي ,اروميه"
87,آذربايجان غربي,West Azerbaijan,ماکو,,37.52999473,44.99998165,"آذربايجان غربي ,ماکو"
88,آذربايجان غربي,West Azerbaijan,شوط,,37.52999473,44.99998165,"آذربايجان غربي ,شوط"
89,آذربايجان غربي,West Azerbaijan,اشنويه,,37.52999473,44.99998165,"آذربايجان غربي ,اشنويه"
90,آذربايجان غربي,West Azerbaijan,مهاباد,,37.52999473,44.99998165,"آذربايجان غربي ,مهاباد"
91,آذربايجان غربي,West Azerbaijan,سردشت,,37.52999473,44.99998165,"آذربايجان غربي ,سردشت"
92,آذربايجان غربي,West Azerbaijan,قره‌ضياءالد,,37.52999473,44.99998165,"آذربايجان غربي ,قره‌ضياءالد"
93,آذربايجان غربي,West Azerbaijan,چالدران,,37.52999473,44.99998165,"آذربايجان غربي ,چالدران"
94,آذربايجان غربي,West Azerbaijan,سقز-خوي-اروميه ...,,37.52999473,44.99998165,"آذربايجان غربي ,سقز-خوي-اروميه ..."
95,آذربايجان غربي,West Azerbaijan,بانه,,37.52999473,44.99998165,"آذربايجان غربي ,بانه"
96,آذربايجان غربي,West Azerbaijan,سقز,,37.52999473,44.99998165,"آذربايجان غربي ,سقز"
97,آذربايجان غربي,West Azerbaijan,مياندوآب,,37.52999473,44.99998165,"آذربايجان غربي ,مياندوآب"
98,آذربايجان غربي,West Azerbaijan,بوکان,,37.52999473,44.99998165,"آذربايجان غربي ,بوکان"
99,آذربايجان غربي,West Azerbaijan,پيرانشهر,,37.52999473,44.99998165,"آذربايجان غربي ,پيرانشهر"
100,آذربايجان غربي,West Azerbaijan,سلماس,,37.52999473,44.99998165,"آذربايجان غربي ,سلماس"
101,آذربايجان غربي,West Azerbaijan,خوي,,37.52999473,44.99998165,"آذربايجان غربي ,خوي"
102,آذربايجان غربي,West Azerbaijan,بازرگان,,37.52999473,44.99998165,"آذربايجان غربي ,بازرگان"
103,آذربايجان غربي,West Azerbaijan,نقده,,37.52999473,44.99998165,"آذربايجان غربي ,نقده"
104,آذربايجان غربي,West Azerbaijan,شاهين دژ,,37.52999473,44.99998165,"آذربايجان غربي ,شاهين دژ"
105,آذربايجان غربي,West Azerbaijan,محمديار,,37.52999473,44.99998165,"آذربايجان غربي ,محمديار"
106,خوزستان,Khuzestan,آبادان,,31.97999758,49.2999259,"خوزستان ,آبادان"
107,خوزستان,Khuzestan,دزفول,,31.97999758,49.2999259,"خوزستان ,دزفول"
108,خوزستان,Khuzestan,بهبهان,,31.97999758,49.2999259,"خوزستان ,بهبهان"
109,خوزستان,Khuzestan,اميديه,,31.97999758,49.2999259,"خوزستان ,اميديه"
110,خوزستان,Khuzestan,خرمشهر,,31.97999758,49.2999259,"خوزستان ,خرمشهر"
111,خوزستان,Khuzestan,شوشتر,,31.97999758,49.2999259,"خوزستان ,شوشتر"
112,خوزستان,Khuzestan,هنديجان,,31.97999758,49.2999259,"خوزستان ,هنديجان"
113,خوزستان,Khuzestan,ديلم,,31.97999758,49.2999259,"خوزستان ,ديلم"
114,خوزستان,Khuzestan,انديمشک - دزفول,,31.97999758,49.2999259,"خوزستان ,انديمشک - دزفول"
115,خوزستان,Khuzestan,رامشير,,31.97999758,49.2999259,"خوزستان ,رامشير"
116,خوزستان,Khuzestan,اهواز,,31.97999758,49.2999259,"خوزستان ,اهواز"
117,خوزستان,Khuzestan,بندر امام,,31.97999758,49.2999259,"خوزستان ,بندر امام"
118,خوزستان,Khuzestan,ميان کوه,,31.97999758,49.2999259,"خوزستان ,ميان کوه"
119,خوزستان,Khuzestan,ايذه,,31.97999758,49.2999259,"خوزستان ,ايذه"
120,خوزستان,Khuzestan,هفتگل,,31.97999758,49.2999259,"خوزستان ,هفتگل"
121,خوزستان,Khuzestan,باغملک,,31.97999758,49.2999259,"خوزستان ,باغملک"
122,خوزستان,Khuzestan,مسجد سليمان,,31.97999758,49.2999259,"خوزستان ,مسجد سليمان"
123,خوزستان,Khuzestan,ملاثاني,,31.97999758,49.2999259,"خوزستان ,ملاثاني"
124,خوزستان,Khuzestan,لالي,,31.97999758,49.2999259,"خوزستان ,لالي"
125,خوزستان,Khuzestan,انديشمک,,31.97999758,49.2999259,"خوزستان ,انديشمک"
126,خوزستان,Khuzestan,گتوند,,31.97999758,49.2999259,"خوزستان ,گتوند"
127,خوزستان,Khuzestan,سربند,,31.97999758,49.2999259,"خوزستان ,سربند"
128,خوزستان,Khuzestan,هويزه,,31.97999758,49.2999259,"خوزستان ,هويزه"
129,خوزستان,Khuzestan,هفت تپه,,31.97999758,49.2999259,"خوزستان ,هفت تپه"
130,خوزستان,Khuzestan,دهدز,,31.97999758,49.2999259,"خوزستان ,دهدز"
131,خوزستان,Khuzestan,ماهشهر,,31.97999758,49.2999259,"خوزستان ,ماهشهر"
133,خوزستان,Khuzestan,هفتکل,,31.97999758,49.2999259,"خوزستان ,هفتکل"
134,خوزستان,Khuzestan,شوش,,31.97999758,49.2999259,"خوزستان ,شوش"
135,خوزستان,Khuzestan,سوسنگرد,,31.97999758,49.2999259,"خوزستان ,سوسنگرد"
136,خوزستان,Khuzestan,دهلران,,31.97999758,49.2999259,"خوزستان ,دهلران"
137,خوزستان,Khuzestan,شادگان,,31.97999758,49.2999259,"خوزستان ,شادگان"
138,خوزستان,Khuzestan,حميديه,,31.97999758,49.2999259,"خوزستان ,حميديه"
139,خوزستان,Khuzestan,بستان,,31.97999758,49.2999259,"خوزستان ,بستان"
140,خوزستان,Khuzestan,ملاثني,,31.97999758,49.2999259,"خوزستان ,ملاثني"
141,خوزستان,Khuzestan,رامهرمز,,31.97999758,49.2999259,"خوزستان ,رامهرمز"
142,خوزستان,Khuzestan,دهدشت,,31.97999758,49.2999259,"خوزستان ,دهدشت"
143,خوزستان,Khuzestan,گچساران,,31.97999758,49.2999259,"خوزستان ,گچساران"
144,خوزستان,Khuzestan,مسجدسليمان,,31.97999758,49.2999259,"خوزستان ,مسجدسليمان"
145,خوزستان,Khuzestan,ايزه,,31.97999758,49.2999259,"خوزستان ,ايزه"
146,فارس,Fars,برازجان,,29.80144838,52.82146806,"فارس,برازجان"
147,فارس,Fars,صفاشهر,,29.80144838,52.82146806,"فارس,صفاشهر"
148,فارس,Fars,لار,,29.80144838,52.82146806,"فارس,لار"
149,فارس,Fars,لامرد,,29.80144838,52.82146806,"فارس,لامرد"
150,فارس,Fars,دير,,29.80144838,52.82146806,"فارس,دير"
151,فارس,Fars,کنگان,,29.80144838,52.82146806,"فارس,کنگان"
152,فارس,Fars,عادل آباد,,29.80144838,52.82146806,"فارس,عادل آباد"
153,فارس,Fars,ني ريز,,29.80144838,52.82146806,"فارس,ني ريز"
154,فارس,Fars,بندر لنگه,,29.80144838,52.82146806,"فارس,بندر لنگه"
155,فارس,Fars,خورموج,,29.80144838,52.82146806,"فارس,خورموج"
156,فارس,Fars,اشکنان,,29.80144838,52.82146806,"فارس,اشکنان"
157,فارس,Fars,گويم,,29.80144838,52.82146806,"فارس,گويم"
158,فارس,Fars,گناوه,,29.80144838,52.82146806,"فارس,گناوه"
159,فارس,Fars,ارسنجان,,29.80144838,52.82146806,"فارس,ارسنجان"
160,فارس,Fars,شيراز,,29.80144838,52.82146806,"فارس,شيراز"
161,فارس,Fars,فسا,,29.80144838,52.82146806,"فارس,فسا"
162,فارس,Fars,اوز,,29.80144838,52.82146806,"فارس,اوز"
163,فارس,Fars,زرقان,,29.80144838,52.82146806,"فارس,زرقان"
164,فارس,Fars,ميمند,,29.80144838,52.82146806,"فارس,ميمند"
165,فارس,Fars,گراش,,29.80144838,52.82146806,"فارس,گراش"
166,فارس,Fars,داراب,,29.80144838,52.82146806,"فارس,داراب"
167,فارس,Fars,ياسوج,,29.80144838,52.82146806,"فارس,ياسوج"
168,فارس,Fars,خنج,,29.80144838,52.82146806,"فارس,خنج"
169,فارس,Fars,سپيدان,,29.80144838,52.82146806,"فارس,سپيدان"
170,فارس,Fars,آباده,,29.80144838,52.82146806,"فارس,آباده"
171,فارس,Fars,نورآباد,,29.80144838,52.82146806,"فارس,نورآباد"
172,فارس,Fars,کازرون,,29.80144838,52.82146806,"فارس,کازرون"
173,فارس,Fars,مرودشت,,29.80144838,52.82146806,"فارس,مرودشت"
174,فارس,Fars,کوار,,29.80144838,52.82146806,"فارس,کوار"
175,فارس,Fars,فيروزآباد,,29.80144838,52.82146806,"فارس,فيروزآباد"
176,فارس,Fars,استهبانات,,29.80144838,52.82146806,"فارس,استهبانات"
177,فارس,Fars,گچساران.,,29.80144838,52.82146806,"فارس,گچساران."
178,فارس,Fars,سروستان,,29.80144838,52.82146806,"فارس,سروستان"
179,فارس,Fars,بوشهر,,29.80144838,52.82146806,"فارس,بوشهر"
180,فارس,Fars,جهرم,,29.80144838,52.82146806,"فارس,جهرم"
181,فارس,Fars,اقليد,,29.80144838,52.82146806,"فارس,اقليد"
182,فارس,Fars,سعادت شهر,,29.80144838,52.82146806,"فارس,سعادت شهر"
183,کرمان,Kerman,راين,,29.46996991,55.73002437,"کرمان ,راين"
184,کرمان,Kerman,کوهبنان,,29.46996991,55.73002437,"کرمان ,کوهبنان"
185,کرمان,Kerman,کشکوييه,,29.46996991,55.73002437,"کرمان ,کشکوييه"
186,کرمان,Kerman,رابر,,29.46996991,55.73002437,"کرمان ,رابر"
187,کرمان,Kerman,بروات,,29.46996991,55.73002437,"کرمان ,بروات"
188,کرمان,Kerman,رستم آباد,,29.46996991,55.73002437,"کرمان ,رستم آباد"
189,کرمان,Kerman,سيرجان,,29.46996991,55.73002437,"کرمان ,سيرجان"
190,کرمان,Kerman,انار,,29.46996991,55.73002437,"کرمان ,انار"
191,کرمان,Kerman,بافت,,29.46996991,55.73002437,"کرمان ,بافت"
192,کرمان,Kerman,رفسنجان,,29.46996991,55.73002437,"کرمان ,رفسنجان"
193,کرمان,Kerman,فهرج,,29.46996991,55.73002437,"کرمان ,فهرج"
194,کرمان,Kerman,محمد آباد,,29.46996991,55.73002437,"کرمان ,محمد آباد"
195,کرمان,Kerman,کهنوج,,29.46996991,55.73002437,"کرمان ,کهنوج"
197,کرمان,Kerman,راور,,29.46996991,55.73002437,"کرمان ,راور"
198,کرمان,Kerman,باغين,,29.46996991,55.73002437,"کرمان ,باغين"
199,کرمان,Kerman,ماهان,,29.46996991,55.73002437,"کرمان ,ماهان"
200,کرمان,Kerman,جيرفت,,29.46996991,55.73002437,"کرمان ,جيرفت"
201,کرمان,Kerman,شهربابک,,29.46996991,55.73002437,"کرمان ,شهربابک"
202,کرمان,Kerman,ارزوييه,,29.46996991,55.73002437,"کرمان ,ارزوييه"
203,کرمان,Kerman,نگار,,29.46996991,55.73002437,"کرمان ,نگار"
204,کرمان,Kerman,کرمان,,29.46996991,55.73002437,"کرمان ,کرمان"
205,کرمان,Kerman,بم,,29.46996991,55.73002437,"کرمان ,بم"
206,کرمان,Kerman,زرند,,29.46996991,55.73002437,"کرمان ,زرند"
207,کرمان,Kerman,بردسير,,29.46996991,55.73002437,"کرمان ,بردسير"
208,کرمان,Kerman,قريت العرب,,29.46996991,55.73002437,"کرمان ,قريت العرب"
209,بوشهر,Bushehr,بوشهر,,28.91997764,50.83001339,"بوشهر,بوشهر"
210,بوشهر,Bushehr,کنگان,,28.91997764,50.83001339,"بوشهر,کنگان"
211,بوشهر,Bushehr,دير,,28.91997764,50.83001339,"بوشهر,دير"
212,بوشهر,Bushehr,گناوه,,28.91997764,50.83001339,"بوشهر,گناوه"
213,بوشهر,Bushehr,عسلويه,,28.91997764,50.83001339,"بوشهر,عسلويه"
214,بوشهر,Bushehr,جم,,28.91997764,50.83001339,"بوشهر,جم"
215,بوشهر,Bushehr,سردشت ب,,28.91997764,50.83001339,"بوشهر,سردشت ب"
216,بوشهر,Bushehr,برازجان,,28.91997764,50.83001339,"بوشهر,برازجان"
217,بوشهر,Bushehr,سروستان,,28.91997764,50.83001339,"بوشهر,سروستان"
218,بوشهر,Bushehr,ديلم,,28.91997764,50.83001339,"بوشهر,ديلم"
219,بوشهر,Bushehr,جزيره خارک,,28.91997764,50.83001339,"بوشهر,جزيره خارک"
220,هرمزگان,Hormozgan,لامرد,,27.20405978,56.27213554,"هرمزگان ,لامرد"
221,هرمزگان,Hormozgan,بستک,,27.20405978,56.27213554,"هرمزگان ,بستک"
222,هرمزگان,Hormozgan,چاه مبارک,,27.20405978,56.27213554,"هرمزگان ,چاه مبارک"
223,هرمزگان,Hormozgan,جناح,,27.20405978,56.27213554,"هرمزگان ,جناح"
224,هرمزگان,Hormozgan,روييدر,,27.20405978,56.27213554,"هرمزگان ,روييدر"
225,هرمزگان,Hormozgan,رودان,,27.20405978,56.27213554,"هرمزگان ,رودان"
226,هرمزگان,Hormozgan,بندرعباس,,27.20405978,56.27213554,"هرمزگان ,بندرعباس"
227,هرمزگان,Hormozgan,کهنوج,,27.20405978,56.27213554,"هرمزگان ,کهنوج"
228,هرمزگان,Hormozgan,ميناب,,27.20405978,56.27213554,"هرمزگان ,ميناب"
229,هرمزگان,Hormozgan,حاجي آباد,,27.20405978,56.27213554,"هرمزگان ,حاجي آباد"
230,هرمزگان,Hormozgan,بندرلنگه,,27.20405978,56.27213554,"هرمزگان ,بندرلنگه"
231,هرمزگان,Hormozgan,بندر خمير,,27.20405978,56.27213554,"هرمزگان ,بندر خمير"
232,هرمزگان,Hormozgan,بندر جاسک-رودان-جغين,,27.20405978,56.27213554,"هرمزگان ,بندر جاسک-رودان-جغين"
233,هرمزگان,Hormozgan,بندر کنگ,,27.20405978,56.27213554,"هرمزگان ,بندر کنگ"
234,هرمزگان,Hormozgan,قشم,,27.20405978,56.27213554,"هرمزگان ,قشم"
235,هرمزگان,Hormozgan,کيش,,27.20405978,56.27213554,"هرمزگان ,کيش"
236,هرمزگان,Hormozgan,گاوبندي,,27.20405978,56.27213554,"هرمزگان ,گاوبندي"
237,اردبيل,Ardabil,پارس آباد,,38.25000246,48.30003861,"اردبيل,پارس آباد"
238,اردبيل,Ardabil,مشکين,,38.25000246,48.30003861,"اردبيل,مشکين"
239,اردبيل,Ardabil,خلخال,,38.25000246,48.30003861,"اردبيل,خلخال"
240,اردبيل,Ardabil,گرمي,,38.25000246,48.30003861,"اردبيل,گرمي"
241,اردبيل,Ardabil,اردبيل,,38.25000246,48.30003861,"اردبيل,اردبيل"
242,اردبيل,Ardabil,بيله سوار,,38.25000246,48.30003861,"اردبيل,بيله سوار"
243,اردبيل,Ardabil,نير,,38.25000246,48.30003861,"اردبيل,نير"
244,اردبيل,Ardabil,نمين,,38.25000246,48.30003861,"اردبيل,نمين"
245,اردبيل,Ardabil,سرعين,,38.25000246,48.30003861,"اردبيل,سرعين"
246,اردبيل,Ardabil,اصلاندوز,,38.25000246,48.30003861,"اردبيل,اصلاندوز"
247,اردبيل,Ardabil,گيوي,,38.25000246,48.30003861,"اردبيل,گيوي"
248,همدان,Hamadan,همدان,,34.31998395,48.84997921,"همدان ,همدان"
249,همدان,Hamadan,کبودر آهنگ,,34.31998395,48.84997921,"همدان ,کبودر آهنگ"
250,همدان,Hamadan,قروه در جزين,,34.31998395,48.84997921,"همدان ,قروه در جزين"
251,همدان,Hamadan,فامنين,,34.31998395,48.84997921,"همدان ,فامنين"
252,همدان,Hamadan,دمق,,34.31998395,48.84997921,"همدان ,دمق"
253,همدان,Hamadan,صالح آباد,,34.31998395,48.84997921,"همدان ,صالح آباد"
254,همدان,Hamadan,اسداباد,,34.31998395,48.84997921,"همدان ,اسداباد"
255,همدان,Hamadan,استان قم,,34.31998395,48.84997921,"همدان ,استان قم"
256,همدان,Hamadan,سامن,,34.31998395,48.84997921,"همدان ,سامن"
257,همدان,Hamadan,ملاير,,34.31998395,48.84997921,"همدان ,ملاير"
258,همدان,Hamadan,تويسرکان,,34.31998395,48.84997921,"همدان ,تويسرکان"
259,همدان,Hamadan,نهاوند,,34.31998395,48.84997921,"همدان ,نهاوند"
260,همدان,Hamadan,بهار,,34.31998395,48.84997921,"همدان ,بهار"
261,همدان,Hamadan,محلات1,,34.31998395,48.84997921,"همدان ,محلات1"
262,همدان,Hamadan,رزن,,34.31998395,48.84997921,"همدان ,رزن"
263,همدان,Hamadan,جوکار,,34.31998395,48.84997921,"همدان ,جوکار"
264,همدان,Hamadan,لالجين,,34.31998395,48.84997921,"همدان ,لالجين"
265,همدان,Hamadan,ازندريان,,34.31998395,48.84997921,"همدان ,ازندريان"
266,همدان,Hamadan,مرکزي,,34.31998395,48.84997921,"همدان ,مرکزي"
267,همدان,Hamadan,دليجان1,,34.31998395,48.84997921,"همدان ,دليجان1"
268,همدان,Hamadan,جاورسيان 1,,34.31998395,48.84997921,"همدان ,جاورسيان 1"
269,همدان,Hamadan,خنداب1,,34.31998395,48.84997921,"همدان ,خنداب1"
270,همدان,Hamadan,رباط ميل 1,,34.31998395,48.84997921,"همدان ,رباط ميل 1"
271,همدان,Hamadan,ساوه 1,,34.31998395,48.84997921,"همدان ,ساوه 1"
272,همدان,Hamadan,مامونيه1,,34.31998395,48.84997921,"همدان ,مامونيه1"
273,همدان,Hamadan,توره 1,,34.31998395,48.84997921,"همدان ,توره 1"
274,همدان,Hamadan,ميلاجرد1,,34.31998395,48.84997921,"همدان ,ميلاجرد1"
275,همدان,Hamadan,نيم ور1,,34.31998395,48.84997921,"همدان ,نيم ور1"
276,همدان,Hamadan,تفرش1,,34.31998395,48.84997921,"همدان ,تفرش1"
277,همدان,Hamadan,حاجي اباد1,,34.31998395,48.84997921,"همدان ,حاجي اباد1"
278,همدان,Hamadan,خمين1,,34.31998395,48.84997921,"همدان ,خمين1"
279,همدان,Hamadan,زرنديه,,34.31998395,48.84997921,"همدان ,زرنديه"
280,همدان,Hamadan,ساروق1,,34.31998395,48.84997921,"همدان ,ساروق1"
281,همدان,Hamadan,شازند1,,34.31998395,48.84997921,"همدان ,شازند1"
282,همدان,Hamadan,زرنديه 1,,34.31998395,48.84997921,"همدان ,زرنديه 1"
283,همدان,Hamadan,مهاجران 1,,34.31998395,48.84997921,"همدان ,مهاجران 1"
284,همدان,Hamadan,نراق 1,,34.31998395,48.84997921,"همدان ,نراق 1"
285,همدان,Hamadan,توره,,34.31998395,48.84997921,"همدان ,توره"
286,همدان,Hamadan,اشتيان,,34.31998395,48.84997921,"همدان ,اشتيان"
287,همدان,Hamadan,حسن اباد,,34.31998395,48.84997921,"همدان ,حسن اباد"
288,همدان,Hamadan,فرمهين,,34.31998395,48.84997921,"همدان ,فرمهين"
289,همدان,Hamadan,استانه,,34.31998395,48.84997921,"همدان ,استانه"
290,همدان,Hamadan,کميجان,,34.31998395,48.84997921,"همدان ,کميجان"
291,اصفهان,Esfahan,دولت آباد,,32.01149436,51.85971798,"اصفهان ,دولت آباد"
292,اصفهان,Esfahan,سپاهان شهر,,32.01149436,51.85971798,"اصفهان ,سپاهان شهر"
293,اصفهان,Esfahan,گزوبرخوار,,32.01149436,51.85971798,"اصفهان ,گزوبرخوار"
294,اصفهان,Esfahan,زواره,,32.01149436,51.85971798,"اصفهان ,زواره"
295,اصفهان,Esfahan,آباده,,32.01149436,51.85971798,"اصفهان ,آباده"
296,اصفهان,Esfahan,اقليد,,32.01149436,51.85971798,"اصفهان ,اقليد"
297,اصفهان,Esfahan,ويلاشهر,,32.01149436,51.85971798,"اصفهان ,ويلاشهر"
298,اصفهان,Esfahan,آران بيدگل,,32.01149436,51.85971798,"اصفهان ,آران بيدگل"
299,اصفهان,Esfahan,مياندشت,,32.01149436,51.85971798,"اصفهان ,مياندشت"
300,اصفهان,Esfahan,بويين,,32.01149436,51.85971798,"اصفهان ,بويين"
301,اصفهان,Esfahan,نجف اباد,,32.01149436,51.85971798,"اصفهان ,نجف اباد"
302,اصفهان,Esfahan,خميني شهر,,32.01149436,51.85971798,"اصفهان ,خميني شهر"
303,اصفهان,Esfahan,زرين شهر,,32.01149436,51.85971798,"اصفهان ,زرين شهر"
304,اصفهان,Esfahan,دهاقان,,32.01149436,51.85971798,"اصفهان ,دهاقان"
305,اصفهان,Esfahan,شهرضا,,32.01149436,51.85971798,"اصفهان ,شهرضا"
306,اصفهان,Esfahan,کاشان,,32.01149436,51.85971798,"اصفهان ,کاشان"
307,اصفهان,Esfahan,خوراسگان,,32.01149436,51.85971798,"اصفهان ,خوراسگان"
308,اصفهان,Esfahan,نطنز,,32.01149436,51.85971798,"اصفهان ,نطنز"
309,اصفهان,Esfahan,بادرود,,32.01149436,51.85971798,"اصفهان ,بادرود"
310,اصفهان,Esfahan,خوانسار,,32.01149436,51.85971798,"اصفهان ,خوانسار"
311,اصفهان,Esfahan,فريدونشهر,,32.01149436,51.85971798,"اصفهان ,فريدونشهر"
312,اصفهان,Esfahan,اصفهان,,32.01149436,51.85971798,"اصفهان ,اصفهان"
313,اصفهان,Esfahan,درچه,,32.01149436,51.85971798,"اصفهان ,درچه"
314,اصفهان,Esfahan,ملک شهر,,32.01149436,51.85971798,"اصفهان ,ملک شهر"
315,اصفهان,Esfahan,خانه اصفهان,,32.01149436,51.85971798,"اصفهان ,خانه اصفهان"
316,اصفهان,Esfahan,تيران,,32.01149436,51.85971798,"اصفهان ,تيران"
317,اصفهان,Esfahan,قهدريجان,,32.01149436,51.85971798,"اصفهان ,قهدريجان"
318,اصفهان,Esfahan,کليشاد,,32.01149436,51.85971798,"اصفهان ,کليشاد"
319,اصفهان,Esfahan,چرمهين,,32.01149436,51.85971798,"اصفهان ,چرمهين"
320,اصفهان,Esfahan,رهنان,,32.01149436,51.85971798,"اصفهان ,رهنان"
321,اصفهان,Esfahan,باغ بهادران,,32.01149436,51.85971798,"اصفهان ,باغ بهادران"
322,اصفهان,Esfahan,چها رمحال و بختياري,,32.01149436,51.85971798,"اصفهان ,چها رمحال و بختياري"
323,اصفهان,Esfahan,پيربکران,,32.01149436,51.85971798,"اصفهان ,پيربکران"
324,اصفهان,Esfahan,فلاورجان,,32.01149436,51.85971798,"اصفهان ,فلاورجان"
325,اصفهان,Esfahan,نايين,,32.01149436,51.85971798,"اصفهان ,نايين"
326,اصفهان,Esfahan,مبارکه,,32.01149436,51.85971798,"اصفهان ,مبارکه"
327,اصفهان,Esfahan,سميرم,,32.01149436,51.85971798,"اصفهان ,سميرم"
328,اصفهان,Esfahan,گلپايگان,,32.01149436,51.85971798,"اصفهان ,گلپايگان"
329,اصفهان,Esfahan,اردستان,,32.01149436,51.85971798,"اصفهان ,اردستان"
330,اصفهان,Esfahan,جرقويه,,32.01149436,51.85971798,"اصفهان ,جرقويه"
331,اصفهان,Esfahan,ميمه,,32.01149436,51.85971798,"اصفهان ,ميمه"
332,اصفهان,Esfahan,بهارستان,,32.01149436,51.85971798,"اصفهان ,بهارستان"
333,اصفهان,Esfahan,شهر ابريشم,,32.01149436,51.85971798,"اصفهان ,شهر ابريشم"
334,اصفهان,Esfahan,داران,,32.01149436,51.85971798,"اصفهان ,داران"
335,اصفهان,Esfahan,شاهين شهر,,32.01149436,51.85971798,"اصفهان ,شاهين شهر"
336,اصفهان,Esfahan,فولادشهر,,32.01149436,51.85971798,"اصفهان ,فولادشهر"
337,مازندران,Mazandaran,کياکلا,,36.4713255,52.36330481,"مازندران,کياکلا"
338,مازندران,Mazandaran,رستم رود,,36.4713255,52.36330481,"مازندران,رستم رود"
339,مازندران,Mazandaran,کلاردشت,,36.4713255,52.36330481,"مازندران,کلاردشت"
340,مازندران,Mazandaran,بابل,,36.4713255,52.36330481,"مازندران,بابل"
341,مازندران,Mazandaran,آمل,,36.4713255,52.36330481,"مازندران,آمل"
342,مازندران,Mazandaran,فريدون کنار,,36.4713255,52.36330481,"مازندران,فريدون کنار"
343,مازندران,Mazandaran,ساري,,36.4713255,52.36330481,"مازندران,ساري"
344,مازندران,Mazandaran,رويان,,36.4713255,52.36330481,"مازندران,رويان"
345,مازندران,Mazandaran,نوشهر,,36.4713255,52.36330481,"مازندران,نوشهر"
346,مازندران,Mazandaran,جويبار,,36.4713255,52.36330481,"مازندران,جويبار"
347,مازندران,Mazandaran,شيرگاه,,36.4713255,52.36330481,"مازندران,شيرگاه"
348,مازندران,Mazandaran,پل سفيد,,36.4713255,52.36330481,"مازندران,پل سفيد"
349,مازندران,Mazandaran,فيروزکوه,,36.4713255,52.36330481,"مازندران,فيروزکوه"
350,مازندران,Mazandaran,چالوس,,36.4713255,52.36330481,"مازندران,چالوس"
351,مازندران,Mazandaran,مرزن آباد,,36.4713255,52.36330481,"مازندران,مرزن آباد"
352,مازندران,Mazandaran,قائمشهر,,36.4713255,52.36330481,"مازندران,قائمشهر"
353,مازندران,Mazandaran,بابلسر,,36.4713255,52.36330481,"مازندران,بابلسر"
354,مازندران,Mazandaran,اميرکلا,,36.4713255,52.36330481,"مازندران,اميرکلا"
355,مازندران,Mazandaran,نور,,36.4713255,52.36330481,"مازندران,نور"
356,مازندران,Mazandaran,ايزدشهر,,36.4713255,52.36330481,"مازندران,ايزدشهر"
357,مازندران,Mazandaran,سرخرود,,36.4713255,52.36330481,"مازندران,سرخرود"
358,مازندران,Mazandaran,رامسر,,36.4713255,52.36330481,"مازندران,رامسر"
359,مازندران,Mazandaran,تنکابن,,36.4713255,52.36330481,"مازندران,تنکابن"
360,مازندران,Mazandaran,بهنمير,,36.4713255,52.36330481,"مازندران,بهنمير"
361,مازندران,Mazandaran,چمستان,,36.4713255,52.36330481,"مازندران,چمستان"
362,مازندران,Mazandaran,محمودآباد,,36.4713255,52.36330481,"مازندران,محمودآباد"
363,مازندران,Mazandaran,زيرآب,,36.4713255,52.36330481,"مازندران,زيرآب"
364,مازندران,Mazandaran,نکا,,36.4713255,52.36330481,"مازندران,نکا"
365,مازندران,Mazandaran,بهشهر1,,36.4713255,52.36330481,"مازندران,بهشهر1"
366,مازندران,Mazandaran,متل قو يا سلمانشهر,,36.4713255,52.36330481,"مازندران,متل قو يا سلمانشهر"
367,مازندران,Mazandaran,عباس آباد مازندران,,36.4713255,52.36330481,"مازندران,عباس آباد مازندران"
368,کهگيلويه و بوير احمد,Kohgiluyeh And Buyer Ahmad,ياسوج,,30.65900412,51.59400361,"کهگيلويه و بوير احمد,ياسوج"
369,کرمانشاه,Kermanshah,سنندج,,34.5123753,45.5772074,"کرمانشاه ,سنندج"
370,کرمانشاه,Kermanshah,پاوه,,34.5123753,45.5772074,"کرمانشاه ,پاوه"
371,کرمانشاه,Kermanshah,کامياران,,34.5123753,45.5772074,"کرمانشاه ,کامياران"
372,کرمانشاه,Kermanshah,کنگاور,,34.5123753,45.5772074,"کرمانشاه ,کنگاور"
373,کرمانشاه,Kermanshah,اسلام آباد,,34.5123753,45.5772074,"کرمانشاه ,اسلام آباد"
374,کرمانشاه,Kermanshah,سنقر,,34.5123753,45.5772074,"کرمانشاه ,سنقر"
375,کرمانشاه,Kermanshah,روانسر,,34.5123753,45.5772074,"کرمانشاه ,روانسر"
376,کرمانشاه,Kermanshah,دهلران,,34.5123753,45.5772074,"کرمانشاه ,دهلران"
377,کرمانشاه,Kermanshah,گيلانغرب,,34.5123753,45.5772074,"کرمانشاه ,گيلانغرب"
378,کرمانشاه,Kermanshah,مريوان,,34.5123753,45.5772074,"کرمانشاه ,مريوان"
379,کرمانشاه,Kermanshah,صحنه,,34.5123753,45.5772074,"کرمانشاه ,صحنه"
380,کرمانشاه,Kermanshah,جوانرود,,34.5123753,45.5772074,"کرمانشاه ,جوانرود"
381,کرمانشاه,Kermanshah,کرند,,34.5123753,45.5772074,"کرمانشاه ,کرند"
382,کرمانشاه,Kermanshah,پلدختر,,34.5123753,45.5772074,"کرمانشاه ,پلدختر"
383,کرمانشاه,Kermanshah,بروجرد,,34.5123753,45.5772074,"کرمانشاه ,بروجرد"
384,کرمانشاه,Kermanshah,دورود,,34.5123753,45.5772074,"کرمانشاه ,دورود"
385,کرمانشاه,Kermanshah,ديواندره,,34.5123753,45.5772074,"کرمانشاه ,ديواندره"
386,کرمانشاه,Kermanshah,هرسين,,34.5123753,45.5772074,"کرمانشاه ,هرسين"
387,کرمانشاه,Kermanshah,آبدانان,,34.5123753,45.5772074,"کرمانشاه ,آبدانان"
388,کرمانشاه,Kermanshah,دره شهر,,34.5123753,45.5772074,"کرمانشاه ,دره شهر"
389,کرمانشاه,Kermanshah,رزن,,34.5123753,45.5772074,"کرمانشاه ,رزن"
390,کرمانشاه,Kermanshah,کبوترآهنگ,,34.5123753,45.5772074,"کرمانشاه ,کبوترآهنگ"
391,کرمانشاه,Kermanshah,قصرشيرين,,34.5123753,45.5772074,"کرمانشاه ,قصرشيرين"
392,کرمانشاه,Kermanshah,بيستون,,34.5123753,45.5772074,"کرمانشاه ,بيستون"
393,کرمانشاه,Kermanshah,خرم آباد,,34.5123753,45.5772074,"کرمانشاه ,خرم آباد"
394,کرمانشاه,Kermanshah,اسدآباد,,34.5123753,45.5772074,"کرمانشاه ,اسدآباد"
395,کرمانشاه,Kermanshah,بهارهمدان,,34.5123753,45.5772074,"کرمانشاه ,بهارهمدان"
396,کرمانشاه,Kermanshah,کوهدشت,,34.5123753,45.5772074,"کرمانشاه ,کوهدشت"
397,کرمانشاه,Kermanshah,ملاير,,34.5123753,45.5772074,"کرمانشاه ,ملاير"
398,کرمانشاه,Kermanshah,نهاوند,,34.5123753,45.5772074,"کرمانشاه ,نهاوند"
399,کرمانشاه,Kermanshah,ازنا,,34.5123753,45.5772074,"کرمانشاه ,ازنا"
400,کرمانشاه,Kermanshah,تويسرکان,,34.5123753,45.5772074,"کرمانشاه ,تويسرکان"
401,کرمانشاه,Kermanshah,ايوانغرب,,34.5123753,45.5772074,"کرمانشاه ,ايوانغرب"
402,کرمانشاه,Kermanshah,بيجار,,34.5123753,45.5772074,"کرمانشاه ,بيجار"
403,کرمانشاه,Kermanshah,همدان,,34.5123753,45.5772074,"کرمانشاه ,همدان"
404,کرمانشاه,Kermanshah,قروه,,34.5123753,45.5772074,"کرمانشاه ,قروه"
405,کرمانشاه,Kermanshah,دهگلان,,34.5123753,45.5772074,"کرمانشاه ,دهگلان"
406,کرمانشاه,Kermanshah,اليگودرز,,34.5123753,45.5772074,"کرمانشاه ,اليگودرز"
407,کرمانشاه,Kermanshah,ايلام,,34.5123753,45.5772074,"کرمانشاه ,ايلام"
408,کرمانشاه,Kermanshah,سرپل ذهاب,,34.5123753,45.5772074,"کرمانشاه ,سرپل ذهاب"
409,کرمانشاه,Kermanshah,نورآباد,,34.5123753,45.5772074,"کرمانشاه ,نورآباد"
410,کرمانشاه,Kermanshah,لاله جين,,34.5123753,45.5772074,"کرمانشاه ,لاله جين"
411,کرمانشاه,Kermanshah,نوژه-الشتر,,34.5123753,45.5772074,"کرمانشاه ,نوژه-الشتر"
412,کرمانشاه,Kermanshah,کرمانشاه,,34.5123753,45.5772074,"کرمانشاه ,کرمانشاه"
413,سيستان وبلوچستان,Sistan and Baluchestan,زابل,,25.30040529,60.62993201,"سيستان وبلوچستان ,زابل"
414,سيستان وبلوچستان,Sistan and Baluchestan,خاش,,25.30040529,60.62993201,"سيستان وبلوچستان ,خاش"
415,سيستان وبلوچستان,Sistan and Baluchestan,سراوان,,25.30040529,60.62993201,"سيستان وبلوچستان ,سراوان"
416,سيستان وبلوچستان,Sistan and Baluchestan,ايرانشهر,,25.30040529,60.62993201,"سيستان وبلوچستان ,ايرانشهر"
417,سيستان وبلوچستان,Sistan and Baluchestan,کنارک,,25.30040529,60.62993201,"سيستان وبلوچستان ,کنارک"
418,سيستان وبلوچستان,Sistan and Baluchestan,نيکشهر,,25.30040529,60.62993201,"سيستان وبلوچستان ,نيکشهر"
419,سيستان وبلوچستان,Sistan and Baluchestan,زاهدان,,25.30040529,60.62993201,"سيستان وبلوچستان ,زاهدان"
420,سيستان وبلوچستان,Sistan and Baluchestan,چابهار,,25.30040529,60.62993201,"سيستان وبلوچستان ,چابهار"
421,سيستان وبلوچستان,Sistan and Baluchestan,نوبنديان,,25.30040529,60.62993201,"سيستان وبلوچستان ,نوبنديان"
422,سيستان وبلوچستان,Sistan and Baluchestan,سرباز,,25.30040529,60.62993201,"سيستان وبلوچستان ,سرباز"
423,سيستان وبلوچستان,Sistan and Baluchestan,جلال آباد - نصير آباد,,25.30040529,60.62993201,"سيستان وبلوچستان ,جلال آباد - نصير آباد"
424,سيستان وبلوچستان,Sistan and Baluchestan,جکيگور-پيشين,,25.30040529,60.62993201,"سيستان وبلوچستان ,جکيگور-پيشين"
425,سيستان وبلوچستان,Sistan and Baluchestan,قصرقند,,25.30040529,60.62993201,"سيستان وبلوچستان ,قصرقند"
426,لرستان,Lorestan,الشتر,,33.91995668,48.8000081,"لرستان ,الشتر"
427,لرستان,Lorestan,نور آباد,,33.91995668,48.8000081,"لرستان ,نور آباد"
428,لرستان,Lorestan,کوهدشت,,33.91995668,48.8000081,"لرستان ,کوهدشت"
429,لرستان,Lorestan,پل دختر,,33.91995668,48.8000081,"لرستان ,پل دختر"
430,لرستان,Lorestan,خرم آباد,,33.91995668,48.8000081,"لرستان ,خرم آباد"
431,لرستان,Lorestan,بروجرد,,33.91995668,48.8000081,"لرستان ,بروجرد"
432,لرستان,Lorestan,ازنا,,33.91995668,48.8000081,"لرستان ,ازنا"
433,لرستان,Lorestan,اليگودرز,,33.91995668,48.8000081,"لرستان ,اليگودرز"
434,لرستان,Lorestan,درود,,33.91995668,48.8000081,"لرستان ,درود"
435,لرستان,Lorestan,معمولان,,33.91995668,48.8000081,"لرستان ,معمولان"
436,چهارمحال بختياري,Chaharmahal and Bakhtiari,سامان,,32.32099805,50.85399659,"چهارمحال بختياري ,سامان"
437,چهارمحال بختياري,Chaharmahal and Bakhtiari,شهرکرد,,32.32099805,50.85399659,"چهارمحال بختياري ,شهرکرد"
438,چهارمحال بختياري,Chaharmahal and Bakhtiari,هفشجان,,32.32099805,50.85399659,"چهارمحال بختياري ,هفشجان"
439,چهارمحال بختياري,Chaharmahal and Bakhtiari,بروجن,,32.32099805,50.85399659,"چهارمحال بختياري ,بروجن"
440,چهارمحال بختياري,Chaharmahal and Bakhtiari,فارسان,,32.32099805,50.85399659,"چهارمحال بختياري ,فارسان"
441,چهارمحال بختياري,Chaharmahal and Bakhtiari,فرخ شهر,,32.32099805,50.85399659,"چهارمحال بختياري ,فرخ شهر"
442,چهارمحال بختياري,Chaharmahal and Bakhtiari,لردگان,,32.32099805,50.85399659,"چهارمحال بختياري ,لردگان"
443,سمنان,Semnan,سمنان,,36.42287884,54.96288773,"سمنان ,سمنان"
444,سمنان,Semnan,گرمسار,,36.42287884,54.96288773,"سمنان ,گرمسار"
445,سمنان,Semnan,شاهرود,,36.42287884,54.96288773,"سمنان ,شاهرود"
446,سمنان,Semnan,دامغان,,36.42287884,54.96288773,"سمنان ,دامغان"
447,قزوين,Qazvin,نظرآباد,,36.27001996,49.99998653,"قزوين ,نظرآباد"
448,قزوين,Qazvin,زيباشهر,,36.27001996,49.99998653,"قزوين ,زيباشهر"
449,قزوين,Qazvin,اشتهارد,,36.27001996,49.99998653,"قزوين ,اشتهارد"
450,قزوين,Qazvin,هشتگرد,,36.27001996,49.99998653,"قزوين ,هشتگرد"
451,قزوين,Qazvin,بيدستان,,36.27001996,49.99998653,"قزوين ,بيدستان"
452,قزوين,Qazvin,شريف آباد,,36.27001996,49.99998653,"قزوين ,شريف آباد"
453,قزوين,Qazvin,غياث آباد,,36.27001996,49.99998653,"قزوين ,غياث آباد"
454,قزوين,Qazvin,خاکعلي,,36.27001996,49.99998653,"قزوين ,خاکعلي"
455,قزوين,Qazvin,بويين زهرا-شال,,36.27001996,49.99998653,"قزوين ,بويين زهرا-شال"
456,قزوين,Qazvin,تاکستان,,36.27001996,49.99998653,"قزوين ,تاکستان"
457,قزوين,Qazvin,شهر صنعتي البرز,,36.27001996,49.99998653,"قزوين ,شهر صنعتي البرز"
458,قزوين,Qazvin,شهرک محمديه,,36.27001996,49.99998653,"قزوين ,شهرک محمديه"
459,قزوين,Qazvin,چوبيدر,,36.27001996,49.99998653,"قزوين ,چوبيدر"
460,قزوين,Qazvin,اوج,,36.27001996,49.99998653,"قزوين ,اوج"
461,قزوين,Qazvin,آبگرم,,36.27001996,49.99998653,"قزوين ,آبگرم"
462,قزوين,Qazvin,ضياءاباد,,36.27001996,49.99998653,"قزوين ,ضياءاباد"
463,قزوين,Qazvin,قزوين,,36.27001996,49.99998653,"قزوين ,قزوين"
464,قزوين,Qazvin,آبيک,,36.27001996,49.99998653,"قزوين ,آبيک"
465,قزوين,Qazvin,اقباليه,,36.27001996,49.99998653,"قزوين ,اقباليه"
466,قزوين,Qazvin,الوند,,36.27001996,49.99998653,"قزوين ,الوند"
467,گلستان,Golestan,گاليکش,,37.25182049,55.17145382,"گلستان ,گاليکش"
468,گلستان,Golestan,کلاله,,37.25182049,55.17145382,"گلستان ,کلاله"
469,گلستان,Golestan,بسطام,,37.25182049,55.17145382,"گلستان ,بسطام"
470,گلستان,Golestan,شاهرود,,37.25182049,55.17145382,"گلستان ,شاهرود"
471,گلستان,Golestan,دامغان,,37.25182049,55.17145382,"گلستان ,دامغان"
472,گلستان,Golestan,بندر ترکمن,,37.25182049,55.17145382,"گلستان ,بندر ترکمن"
473,گلستان,Golestan,بندر گز,,37.25182049,55.17145382,"گلستان ,بندر گز"
474,گلستان,Golestan,گلوگاه,,37.25182049,55.17145382,"گلستان ,گلوگاه"
475,گلستان,Golestan,بهشهر,,37.25182049,55.17145382,"گلستان ,بهشهر"
476,گلستان,Golestan,نکا,,37.25182049,55.17145382,"گلستان ,نکا"
477,گلستان,Golestan,آمل,,37.25182049,55.17145382,"گلستان ,آمل"
478,گلستان,Golestan,نوکده,,37.25182049,55.17145382,"گلستان ,نوکده"
479,گلستان,Golestan,سيمين شهر,,37.25182049,55.17145382,"گلستان ,سيمين شهر"
480,گلستان,Golestan,گرگان,,37.25182049,55.17145382,"گلستان ,گرگان"
481,گلستان,Golestan,گميشان,,37.25182049,55.17145382,"گلستان ,گميشان"
482,گلستان,Golestan,کردکوي,,37.25182049,55.17145382,"گلستان ,کردکوي"
483,گلستان,Golestan,آزادشهر,,37.25182049,55.17145382,"گلستان ,آزادشهر"
484,گلستان,Golestan,مينودشت,,37.25182049,55.17145382,"گلستان ,مينودشت"
485,گلستان,Golestan,مراوه تپه,,37.25182049,55.17145382,"گلستان ,مراوه تپه"
486,گلستان,Golestan,دلند,,37.25182049,55.17145382,"گلستان ,دلند"
487,گلستان,Golestan,ساري,,37.25182049,55.17145382,"گلستان ,ساري"
488,گلستان,Golestan,بابل,,37.25182049,55.17145382,"گلستان ,بابل"
489,گلستان,Golestan,آق قلا,,37.25182049,55.17145382,"گلستان ,آق قلا"
490,گلستان,Golestan,علي آباد,,37.25182049,55.17145382,"گلستان ,علي آباد"
491,گلستان,Golestan,راميان,,37.25182049,55.17145382,"گلستان ,راميان"
492,گلستان,Golestan,گنبد,,37.25182049,55.17145382,"گلستان ,گنبد"
493,گلستان,Golestan,فاضل آباد,,37.25182049,55.17145382,"گلستان ,فاضل آباد"
494,گلستان,Golestan,خان ببين,,37.25182049,55.17145382,"گلستان ,خان ببين"
566,خراسان,Khorasan,آشخانه,,36.22002301,58.82001664,"خراسان ,آشخانه"
567,خراسان,Khorasan,بجستان,,36.22002301,58.82001664,"خراسان ,بجستان"
568,خراسان,Khorasan,بردسکن,,36.22002301,58.82001664,"خراسان ,بردسکن"
569,خراسان,Khorasan,بشرويه,,36.22002301,58.82001664,"خراسان ,بشرويه"
570,خراسان,Khorasan,بيدخت,,36.22002301,58.82001664,"خراسان ,بيدخت"
571,خراسان,Khorasan,جاجرم,,36.22002301,58.82001664,"خراسان ,جاجرم"
572,خراسان,Khorasan,سرايان,,36.22002301,58.82001664,"خراسان ,سرايان"
573,خراسان,Khorasan,طرقبه,,36.22002301,58.82001664,"خراسان ,طرقبه"
574,خراسان,Khorasan,سبزوار,,36.22002301,58.82001664,"خراسان ,سبزوار"
575,خراسان,Khorasan,چناران,,36.22002301,58.82001664,"خراسان ,چناران"
576,خراسان,Khorasan,قوچان,,36.22002301,58.82001664,"خراسان ,قوچان"
577,خراسان,Khorasan,درگز,,36.22002301,58.82001664,"خراسان ,درگز"
578,خراسان,Khorasan,فاروج,,36.22002301,58.82001664,"خراسان ,فاروج"
579,خراسان,Khorasan,شيروان,,36.22002301,58.82001664,"خراسان ,شيروان"
580,خراسان,Khorasan,بجنورد,,36.22002301,58.82001664,"خراسان ,بجنورد"
581,خراسان,Khorasan,کلات,,36.22002301,58.82001664,"خراسان ,کلات"
582,خراسان,Khorasan,خواف,,36.22002301,58.82001664,"خراسان ,خواف"
583,خراسان,Khorasan,طبس,,36.22002301,58.82001664,"خراسان ,طبس"
584,خراسان,Khorasan,فردوس,,36.22002301,58.82001664,"خراسان ,فردوس"
585,خراسان,Khorasan,اسفراين,,36.22002301,58.82001664,"خراسان ,اسفراين"
586,خراسان,Khorasan,تربت حيدريه,,36.22002301,58.82001664,"خراسان ,تربت حيدريه"
587,خراسان,Khorasan,گناباد,,36.22002301,58.82001664,"خراسان ,گناباد"
588,خراسان,Khorasan,چاپشلو,,36.22002301,58.82001664,"خراسان ,چاپشلو"
589,خراسان,Khorasan,مشهد,,36.22002301,58.82001664,"خراسان ,مشهد"
590,خراسان,Khorasan,فيض آباد,,36.22002301,58.82001664,"خراسان ,فيض آباد"
591,خراسان,Khorasan,شانديز,,36.22002301,58.82001664,"خراسان ,شانديز"
592,خراسان,Khorasan,بيرجند,,36.22002301,58.82001664,"خراسان ,بيرجند"
593,خراسان,Khorasan,نيشابور,,36.22002301,58.82001664,"خراسان ,نيشابور"
594,خراسان,Khorasan,سرخس,,36.22002301,58.82001664,"خراسان ,سرخس"
595,خراسان,Khorasan,کاشمر,,36.22002301,58.82001664,"خراسان ,کاشمر"
596,خراسان,Khorasan,قاين,,36.22002301,58.82001664,"خراسان ,قاين"
597,خراسان,Khorasan,فريمان,,36.22002301,58.82001664,"خراسان ,فريمان"
598,خراسان,Khorasan,تربت جام,,36.22002301,58.82001664,"خراسان ,تربت جام"
599,خراسان,Khorasan,تايباد,,36.22002301,58.82001664,"خراسان ,تايباد"
600,خراسان,Khorasan,نهبندان,,36.22002301,58.82001664,"خراسان ,نهبندان"
601,کردستان,Kordestan,بيجار,,35.30000165,47.02001339,"کردستان ,بيجار"
602,کردستان,Kordestan,سنندج,,35.30000165,47.02001339,"کردستان ,سنندج"
603,کردستان,Kordestan,قروه,,35.30000165,47.02001339,"کردستان ,قروه"
604,کردستان,Kordestan,سقز,,35.30000165,47.02001339,"کردستان ,سقز"
605,ايلام,Ilam,ايلام,,33.63041363,46.43002356,"ايلام ,ايلام"
606,يزد,Yazd,زارچ و اشکذر,,31.92005292,54.37000403,"يزد,زارچ و اشکذر"
607,يزد,Yazd,بافق,,31.92005292,54.37000403,"يزد,بافق"
608,يزد,Yazd,طبس,,31.92005292,54.37000403,"يزد,طبس"
609,يزد,Yazd,هرات - مروست,,31.92005292,54.37000403,"يزد,هرات - مروست"
610,يزد,Yazd,ابرکوه,,31.92005292,54.37000403,"يزد,ابرکوه"
611,يزد,Yazd,اقليد,,31.92005292,54.37000403,"يزد,اقليد"
612,يزد,Yazd,مهريز,,31.92005292,54.37000403,"يزد,مهريز"
613,يزد,Yazd,تفت,,31.92005292,54.37000403,"يزد,تفت"
614,يزد,Yazd,اسلاميه,,31.92005292,54.37000403,"يزد,اسلاميه"
615,يزد,Yazd,باغ بيد-ده بالا-سانيچ-طزرجان,,31.92005292,54.37000403,"يزد,باغ بيد-ده بالا-سانيچ-طزرجان"
616,يزد,Yazd,خور,,31.92005292,54.37000403,"يزد,خور"
617,يزد,Yazd,صفاشهر,,31.92005292,54.37000403,"يزد,صفاشهر"
618,يزد,Yazd,يزد,,31.92005292,54.37000403,"يزد,يزد"
619,يزد,Yazd,اردکان,,31.92005292,54.37000403,"يزد,اردکان"
620,يزد,Yazd,ميبد,,31.92005292,54.37000403,"يزد,ميبد"
621,يزد,Yazd,ديهوک,,31.92005292,54.37000403,"يزد,ديهوک"
622,يزد,Yazd,آباده-بيدک,,31.92005292,54.37000403,"يزد,آباده-بيدک"
623,زنجان,Zanjan,صايين قلعه,,36.67002138,48.50002641,"زنجان ,صايين قلعه"
624,زنجان,Zanjan,هيدج,,36.67002138,48.50002641,"زنجان ,هيدج"
625,زنجان,Zanjan,شناط,,36.67002138,48.50002641,"زنجان ,شناط"
626,زنجان,Zanjan,سلطانيه,,36.67002138,48.50002641,"زنجان ,سلطانيه"
627,زنجان,Zanjan,خدابنده,,36.67002138,48.50002641,"زنجان ,خدابنده"
628,زنجان,Zanjan,بيجار,,36.67002138,48.50002641,"زنجان ,بيجار"
629,زنجان,Zanjan,سجاس,,36.67002138,48.50002641,"زنجان ,سجاس"
630,زنجان,Zanjan,خرمدره,,36.67002138,48.50002641,"زنجان ,خرمدره"
631,زنجان,Zanjan,تکاب,,36.67002138,48.50002641,"زنجان ,تکاب"
632,زنجان,Zanjan,ماهنشان,,36.67002138,48.50002641,"زنجان ,ماهنشان"
633,زنجان,Zanjan,دندي,,36.67002138,48.50002641,"زنجان ,دندي"
634,زنجان,Zanjan,ديوان دره,,36.67002138,48.50002641,"زنجان ,ديوان دره"
635,زنجان,Zanjan,حسن آباد,,36.67002138,48.50002641,"زنجان ,حسن آباد"
636,زنجان,Zanjan,قيدار,,36.67002138,48.50002641,"زنجان ,قيدار"
637,زنجان,Zanjan,طارم,,36.67002138,48.50002641,"زنجان ,طارم"
638,زنجان,Zanjan,گيلوان,,36.67002138,48.50002641,"زنجان ,گيلوان"
639,زنجان,Zanjan,اببر,,36.67002138,48.50002641,"زنجان ,اببر"
640,زنجان,Zanjan,زنجان,,36.67002138,48.50002641,"زنجان ,زنجان"
641,زنجان,Zanjan,ابهر,,36.67002138,48.50002641,"زنجان ,ابهر"
642,قم,Qom,حسن آباد,,34.65001548,50.95000606,"قم ,حسن آباد"
643,قم,Qom,قم,,34.65001548,50.95000606,"قم ,قم"
644,قم,Qom,حاجي اباد,,34.65001548,50.95000606,"قم ,حاجي اباد"
645,نامشخص -ورانگر,UNKNOWN,نامشخص -ورانگر,,32.4279,53.688,"نامشخص -ورانگر,نامشخص -ورانگر"
